{
  "summary": {
    "totalBenchmarks": 11,
    "overallSuccessRate": 100,
    "fastestOperation": {
      "name": "Memory Store Operations",
      "time": 10.405909999999494
    },
    "slowestOperation": {
      "name": "Single Complex Tool",
      "time": 1001.2591599999996
    },
    "mostMemoryIntensive": {
      "name": "Partial Failure Recovery",
      "memory": 0.0184234619140625
    }
  },
  "detailed": {
    "timestamp": "2025-07-15T19:55:20.849Z",
    "system": {
      "platform": "win32",
      "arch": "x64",
      "cpus": 32,
      "memory": "126GB",
      "nodeVersion": "v22.17.0"
    },
    "benchmarks": {
      "Single Simple Tool": {
        "totalIterations": 10,
        "successful": 10,
        "failed": 0,
        "successRate": 100,
        "executionTime": {
          "min": 50.55560000000014,
          "max": 111.90149999999994,
          "avg": 91.96931000000002,
          "median": 93.14345000000003
        },
        "memory": {
          "totalDelta": 0.06696319580078125,
          "avgDelta": 0.006696319580078125,
          "peak": 0.01873016357421875
        },
        "errors": []
      },
      "Single Medium Tool": {
        "totalIterations": 10,
        "successful": 10,
        "failed": 0,
        "successRate": 100,
        "executionTime": {
          "min": 232.01970000000074,
          "max": 489.0412000000001,
          "avg": 349.10409000000016,
          "median": 328.8288
        },
        "memory": {
          "totalDelta": 0.02855682373046875,
          "avgDelta": 0.002855682373046875,
          "peak": 0.00411224365234375
        },
        "errors": []
      },
      "Single Complex Tool": {
        "totalIterations": 5,
        "successful": 5,
        "failed": 0,
        "successRate": 100,
        "executionTime": {
          "min": 640.3786999999993,
          "max": 1455.0038999999997,
          "avg": 1001.2591599999996,
          "median": 1073.1005999999998
        },
        "memory": {
          "totalDelta": 0.01311492919921875,
          "avgDelta": 0.00262298583984375,
          "peak": 0.00347137451171875
        },
        "errors": []
      },
      "Two Tools Parallel": {
        "totalIterations": 10,
        "successful": 10,
        "failed": 0,
        "successRate": 100,
        "executionTime": {
          "min": 70.4362000000001,
          "max": 145.13880000000063,
          "avg": 113.20110999999997,
          "median": 112.93249999999989
        },
        "memory": {
          "totalDelta": 0.065093994140625,
          "avgDelta": 0.0065093994140625,
          "peak": 0.0115203857421875
        },
        "errors": []
      },
      "Three Tools Parallel": {
        "totalIterations": 10,
        "successful": 10,
        "failed": 0,
        "successRate": 100,
        "executionTime": {
          "min": 279.46529999999984,
          "max": 496.65449999999873,
          "avg": 414.88060000000024,
          "median": 430.6175000000012
        },
        "memory": {
          "totalDelta": -0.451446533203125,
          "avgDelta": -0.0451446533203125,
          "peak": 0.017181396484375
        },
        "errors": []
      },
      "Five Tools Parallel": {
        "totalIterations": 5,
        "successful": 5,
        "failed": 0,
        "successRate": 100,
        "executionTime": {
          "min": 212.79119999999966,
          "max": 398.13170000000173,
          "avg": 314.69102000000055,
          "median": 306.01580000000104
        },
        "memory": {
          "totalDelta": 0.06214141845703125,
          "avgDelta": 0.01242828369140625,
          "peak": 0.01383209228515625
        },
        "errors": []
      },
      "Two Tools Sequential": {
        "totalIterations": 10,
        "successful": 10,
        "failed": 0,
        "successRate": 100,
        "executionTime": {
          "min": 135.86929999999847,
          "max": 288.4759000000013,
          "avg": 209.0830799999996,
          "median": 232.62974999999824
        },
        "memory": {
          "totalDelta": 0.06368255615234375,
          "avgDelta": 0.006368255615234375,
          "peak": 0.01352691650390625
        },
        "errors": []
      },
      "Three Tools Sequential": {
        "totalIterations": 5,
        "successful": 5,
        "failed": 0,
        "successRate": 100,
        "executionTime": {
          "min": 474.9275000000016,
          "max": 681.3385999999991,
          "avg": 594.2893800000005,
          "median": 586.9195
        },
        "memory": {
          "totalDelta": 0.03934478759765625,
          "avgDelta": 0.00786895751953125,
          "peak": 0.00873565673828125
        },
        "errors": []
      },
      "Partial Failure Recovery": {
        "totalIterations": 5,
        "successful": 5,
        "failed": 0,
        "successRate": 100,
        "executionTime": {
          "min": 170.27800000000207,
          "max": 241.16539999999804,
          "avg": 203.6012999999999,
          "median": 201.8225999999995
        },
        "memory": {
          "totalDelta": 0.0921173095703125,
          "avgDelta": 0.0184234619140625,
          "peak": 0.026092529296875
        },
        "errors": []
      },
      "Memory Store Operations": {
        "totalIterations": 50,
        "successful": 50,
        "failed": 0,
        "successRate": 100,
        "executionTime": {
          "min": 9.525900000000547,
          "max": 12.951300000000629,
          "avg": 10.405909999999494,
          "median": 10.236949999998615
        },
        "memory": {
          "totalDelta": -0.386627197265625,
          "avgDelta": -0.0077325439453125,
          "peak": 0.00946807861328125
        },
        "errors": []
      },
      "Memory Search Operations": {
        "totalIterations": 20,
        "successful": 20,
        "failed": 0,
        "successRate": 100,
        "executionTime": {
          "min": 20.00970000000234,
          "max": 22.47490000000107,
          "avg": 20.519804999999906,
          "median": 20.527749999997468
        },
        "memory": {
          "totalDelta": 0.05669403076171875,
          "avgDelta": 0.0028347015380859376,
          "peak": 0.00482940673828125
        },
        "errors": []
      }
    }
  },
  "recommendations": []
}